{
  "0": {
    "categlory_mAP": [
      0.9111387997139645,
      0.6789433533179265,
      0.7048426433255179,
      0.8963829376794011,
      0.6579821273516703
    ],
    "voc_mAP": 0.7698579722776963,
    "coco_mAP": 0.5126427201047971
  },


  // todo
  "1": {
    "categlory_mAP": [
      0.8786776720218054,
      0.6844723889471331,
      0.71192671096893,
      0.8852267832939599,
      0.6400092377659685
    ],
    "voc_mAP": 0.7600625585995594,
    "coco_mAP": 0.5076738390183704
  },
  "2": {
    "categlory_mAP": [
      0.88279306065125,
      0.7450215056778519,
      0.696256419710104,
      0.8981603537111792,
      0.9237073530239979
    ],
    "voc_mAP": 0.8291877385548767,
    "coco_mAP": 0.5478994715437353
  },
  "3": {
    "categlory_mAP": [
      0.8882301559694229,
      0.7113861957818617,
      0.8703562394133885,
      0.9038401933687983,
      0.844899282473629
    ],
    "voc_mAP": 0.84374241340142,
    "coco_mAP": 0.5727183788227468
  },
  "4": {
    "categlory_mAP": [
      0.9360725904295404,
      0.5832423035512773,
      0.7218293257897218,
      0.9091223861818108,
      0.8337306984124984
    ],
    "voc_mAP": 0.7967994608729698,
    "coco_mAP": 0.5418509021519085
  },
  "5": {
    "categlory_mAP": [
      0.9382420172369301,
      0.5702728225590655,
      0.8948180576716082,
      0.9143248165297932,
      0.6869102410197808
    ],
    "voc_mAP": 0.8009135910034355,
    "coco_mAP": 0.5401673076068226
  },
  "6": {
    "categlory_mAP": [
      0.9131406199344725,
      0.7244688740519338,
      0.803490833986566,
      0.9155612272250305,
      0.8195716190905197
    ],
    "voc_mAP": 0.8352466348577046,
    "coco_mAP": 0.5670985962203313
  },
  "7": {
    "categlory_mAP": [
      0.8971230230227216,
      0.6371139235893014,
      0.8416069307944063,
      0.8964363505458323,
      0.8333929429857718
    ],
    "voc_mAP": 0.8211346341876068,
    "coco_mAP": 0.5468512137737515
  },
  "8": {
    "categlory_mAP": [
      0.9458302824902701,
      0.7530152894561544,
      0.8799739067834241,
      0.9062352992604782,
      0.8009059939437476
    ],
    "voc_mAP": 0.8571921543868148,
    "coco_mAP": 0.5706549972546555
  },
  "9": {
    "categlory_mAP": [
      0.9162871516664033,
      0.7341797674903209,
      0.8614023657624017,
      0.9140587052040138,
      0.872440401015175
    ],
    "voc_mAP": 0.8596736782276629,
    "coco_mAP": 0.582805287261676
  }
}