{
  "0": {
    "categlory_mAP": [
      0.8786899743547348,
      0.6762232187539863,
      0.7411910398433197,
      0.8794283892939007,
      0.6677240265165335
    ],
    "voc_mAP": 0.7686513297524951,
    "coco_mAP": 0.5112841948132473
  },
  "1": {
    "categlory_mAP": [
      0.8786776720218054,
      0.6844723889471331,
      0.71192671096893,
      0.8852267832939599,
      0.6400092377659685
    ],
    "voc_mAP": 0.7600625585995594,
    "coco_mAP": 0.5076738390183704
  },
  "2": {
    "categlory_mAP": [
      0.872423686590523,
      0.726999292004925,
      0.6798767294049104,
      0.9079938070666891,
      0.9083948944667863
    ],
    "voc_mAP": 0.8191376819067666,
    "coco_mAP": 0.5271004910438822
  },
  "3": {
    "categlory_mAP": [
      0.8882301559694229,
      0.7113861957818617,
      0.8703562394133885,
      0.9038401933687983,
      0.844899282473629
    ],
    "voc_mAP": 0.84374241340142,
    "coco_mAP": 0.5727183788227468
  },
  "4": {
    "categlory_mAP": [
      0.9360725904295404,
      0.5832423035512773,
      0.7218293257897218,
      0.9091223861818108,
      0.8337306984124984
    ],
    "voc_mAP": 0.7967994608729698,
    "coco_mAP": 0.5418509021519085
  },
  "5": {
    "categlory_mAP": [
      0.931578789759397,
      0.5791862748390048,
      0.9352439635554042,
      0.9116239501851268,
      0.7035427143673928
    ],
    "voc_mAP": 0.8122351385412652,
    "coco_mAP": 0.5540328085253114
  },
  "6": {
    "categlory_mAP": [
      0.9110107116945365,
      0.7218487718067642,
      0.8136995243418192,
      0.9153349211480263,
      0.7593687470579105
    ],
    "voc_mAP": 0.8242525352098115,
    "coco_mAP": 0.5644991036445753
  },
  "7": {
    "categlory_mAP": [
      0.8965469393980863,
      0.6609151024822962,
      0.8479908288959102,
      0.9035580087510141,
      0.85247260766732
    ],
    "voc_mAP": 0.8322966974389252,
    "coco_mAP": 0.5534897036424451
  },
  "8": {
    "categlory_mAP": [
      0.9511562784276716,
      0.739861315498155,
      0.9008356952567934,
      0.908833263686018,
      0.7665298876858828
    ],
    "voc_mAP": 0.8534432881109042,
    "coco_mAP": 0.576338515981274
  },
  "9": {
    "categlory_mAP": [
      0.9149260594233465,
      0.7590558143869386,
      0.8383361428604397,
      0.9090273771716724,
      0.8847776870703684
    ],
    "voc_mAP": 0.8612246161825532,
      "coco_mAP": 0.5738346287021298
  }
}